1,2024-04-09,109495254286134
2,2023-12-28,9876524524321
3,2024-01-05,111222553333
4,2024-02-18,4445556252466
5,2024-03-09,9876123456789
6,2024-04-10,1234567890123
7,2024-05-21,222333444555
8,2024-06-03,555666777888
9,2024-07-14,999888777666
10,2024-08-25,111222333444
11,2024-09-02,444555666777
12,2024-10-07,777888999000
13,2024-11-13,9876123456789
14,2024-12-19,1234567890123
15,2024-01-25,222333444555
16,2023-02-28,555666777888
17,2023-03-07,109495254286134
18,2024-04-09,555666777888
19,2024-05-14,222333444555
20,2024-06-20,555666777888
21,2024-03-05,555666777888
22,2024-04-12,1234567890123
23,2024-05-23,222333444555
24,2024-06-01,555666777888
25,2024-01-15,109495254286134
26,2024-02-18,9876524524321
27,2024-03-22,111222553333
28,2024-04-03,4445556252466
29,2024-05-14,9876123456789
30,2024-06-25,1234567890123
31,2024-02-01,222333444555
32,2024-03-07,555666777888
33,2024-04-09,109495254286134
34,2024-05-13,9876524524321
35,2024-06-18,111222553333
36,2024-07-01,4445556252466
37,2024-01-12,9876123456789
38,2024-02-16,1234567890123
39,2024-03-23,222333444555
40,2024-04-06,555666777888
41,2024-05-19,109495254286134
42,2024-06-28,9876524524321
43,2024-02-03,111222553333
44,2024-03-08,4445556252466
45,2024-04-11,9876123456789
46,2024-05-14,1234567890123
47,2024-06-21,222333444555
48,2024-07-03,555666777888
49,2024-01-10,109495254286134
50,2024-02-14,9876524524321
51,2024-03-20,111222553333
52,2024-04-01,4445556252466
53,2024-05-12,9876123456789
54,2024-06-16,1234567890123
55,2024-07-25,222333444555
56,2024-01-28,555666777888
57,2024-02-29,109495254286134
58,2024-03-05,9876524524321
59,2024-04-08,111222553333
60,2024-05-21,4445556252466
61,2024-06-30,9876123456789
62,2024-07-05,1234567890123
63,2024-01-02,222333444555
64,2024-02-03,555666777888
65,2024-03-10,109495254286134
66,2024-04-14,9876524524321
67,2024-05-25,111222553333
68,2024-06-29,4445556252466
69,2024-01-30,9876123456789
70,2024-02-28,1234567890123
71,2024-03-22,222333444555
72,2024-04-05,555666777888
73,2024-05-18,109495254286134
74,2024-06-23,9876524524321
75,2024-07-04,111222553333
76,2024-01-08,4445556252466
77,2024-02-11,9876123456789
78,2024-03-18,1234567890123
79,2024-04-20,222333444555
80,2024-05-29,555666777888
81,2024-06-30,109495254286134
82,2024-07-03,9876524524321
83,2024-01-02,111222553333
84,2024-02-03,4445556252466
85,2024-03-10,9876123456789
86,2024-04-14,1234567890123
87,2024-05-25,222333444555
88,2024-06-29,555666777888
89,2024-01-30,109495254286134
90,2024-02-28,9876524524321
91,2024-03-22,111222553333
92,2024-04-05,4445556252466
93,2024-05-18,9876123456789
94,2024-06-23,1234567890123
95,2024-07-04,222333444555
96,2024-01-08,555666777888
97,2024-02-11,109495254286134
98,2024-03-18,9876524524321
99,2024-04-20,111222553333
100,2024-05-29,4445556252466